screen_name,name,account_created,tweets,following,followers
CTCSquares,CinnamonToastCrunch,5 years ago,10334,1311,20944
GenMillsCereal,General Mills Cereal,5 years ago,2174,251,18158
LuckyCharms,Lucky Charms,5 years ago,8809,487,22309
PopTartsUS,Pop-Tarts,8 years ago,23044,6,159076
ChipsAhoy,Chips Ahoy!,5 years ago,7278,10,17494
ChexCereal,Chex Cereal,4 years ago,2734,634,16381
Ritzcrackers,Ritz crackers,6 years ago,11599,651,22867
RealCapnCrunch,Cap'n Crunch,7 years ago,24824,850,40294
Jif,Jif® Peanut Butter,7 years ago,5672,644,17101
NutellaGlobal,Nutella,3 years ago,1607,8,24559
NutellaUSA,Nutella,6 years ago,7234,535,152409
SargentoCheese,SargentoCheese,9 years ago,7576,546,20749
Skippy,SKIPPY Peanut Butter,8 years ago,3843,570,16609
HeinzKetchup_US,Heinz Ketchup,8 years ago,7586,151,41647
DelMonteFresh,Del Monte Fresh,8 years ago,17358,2569,30550
Uncrustables,Uncrustables®,7 years ago,7730,745,15333
frosted_flakes,Frosted Flakes,5 years ago,804,292,34820
SwitchToTurkey,Jennie-O,6 years ago,4235,650,8319
NestleCA,Nestlé Canada,3 years ago,1110,214,724
eastwestbanker,EastWest Bank,7 years ago,8582,810,6721
LandRoverUKPR,Land Rover UK PR,8 years ago,2733,1138,57863
Capgemini,Capgemini,10 years ago,70707,1619,102018
Accenture,Accenture,10 years ago,19817,1296,426767
SiemensHealth,Siemens Healthineers,9 years ago,9342,1131,67027
WHotels,W Hotels,9 years ago,9748,2313,101973
firstcitizens,First Citizens Bank,8 years ago,550,254,1436
FNBSF,First National Bank,8 years ago,2529,236,889
HancockWhitney,Hancock Whitney,9 years ago,1103,377,1822
HSBC,HSBC,6 years ago,2802,547,170685
FNBOmaha,First National Bank,6 years ago,18078,709,13428
efirstbank,1STBank,9 years ago,4460,496,4029
FrostBank,Frost Bank,5 years ago,1533,245,21452
HSBC_Sport,HSBC Sport,4 years ago,3419,1122,27259
HSBC_UK,HSBC UK,3 years ago,48778,31,64966
HSBCUKBusiness,HSBC UK Business,7 years ago,16993,657,30524
HSBC_UK_Careers,HSBC UK Careers,9 years ago,3451,177,20202
HSBC_NOW,HSBC NOW,5 years ago,1241,176,51260
FlatTummyCo,Flat Tummy Co,4 years ago,3733,28,9259
Maxwell_House,Maxwell House,4 years ago,2219,232,9608
TheOfficialSBI,State Bank of India,4 years ago,269206,20,3478488
FiveGuys,Five Guys,9 years ago,36144,941,78562
AmerisBank,Ameris Bank,3 years ago,1154,540,2435
innoutburger,In-N-Out Burger,9 years ago,3,0,50422
BofA_Help,Bank of America Help,9 years ago,745242,63471,119109
umamiburger,Umami Burger,9 years ago,12265,984,18286
ChipotleTweets,Chipotle,8 years ago,743902,25,883517
Beal_Bank,Beal Bank (Official),about a year ago,0,1,23
1stSourceBank,1st Source Bank,10 years ago,4610,641,1450
PoaliMarkeTweet,Bank Hapoalim,8 years ago,10170,20,2061
BancFirstOK,BancFirst,8 years ago,1,9,551
BankofHawaii,Bank of Hawaii,7 years ago,10623,3007,7936
qdoba,Qdoba,9 years ago,55496,7374,49951
shakeshack,SHAKE SHACK,7 years ago,46712,817,79145
Moes_HQ,Moe'sSouthwestGrill,8 years ago,116182,46904,89101
BarclaysFooty,Barclays Football,8 years ago,17561,1134,239981
BancStadium,Banc of California Stadium,2 years ago,350,12,4701
ArvestBank,Arvest Bank,9 years ago,5538,96,6431
LeumiUS,Leumi,2 years ago,1186,586,251
bankofbaroda,Bank of Baroda,2 years ago,25561,67,56117
BankUnited,BankUnited,7 years ago,1425,190,1073
Banner_Bank,Banner Bank,8 years ago,2046,174,8259
BarclaysUKHelp,Barclays UK Help,3 years ago,318379,18994,31795
Barclays,Barclays Bank,7 years ago,1463,28,255781
BarclaysBizChat,Barclays Business,7 years ago,3529,379,22639
BNPPRE_UK,BNPParibasRealEstate,8 years ago,8590,1901,14283
BMOHarrisBank,BMO Harris Bank,6 years ago,6222,3346,11481
BBVACompass,BBVA Compass,9 years ago,27347,500,12201
BarclaysScot,Barclays Scotland,9 months ago,189,74,236
BarclaysCorp,Barclays Corporate,7 years ago,2305,655,11858
BerkshireBank,Berkshire Bank,7 years ago,2234,1131,1785
BeneficialBank,Beneficial Bank,9 years ago,3607,254,1981
BNPParibasAPAC,BNP Paribas APAC,2 years ago,1507,208,2662
BNPParibasCIB,BNP Paribas CIB,7 years ago,2519,1033,5468
BNPParibas,BNP Paribas Group,9 years ago,12240,7590,62488
FondationBNPP,Fondation BNPParibas,4 years ago,4908,700,7109
BNPPARIBASOPEN,BNP Paribas Open,9 years ago,9830,611,137970
siemensindustry,Siemens Industry,9 years ago,10205,4540,75766
Siemens,Siemens,7 years ago,7847,329,149358
foxrentcar,Fox Rent A Car,9 years ago,20645,1826,6066
siemens_press,Siemens Press Office,6 years ago,3953,238,28275
CreditSuisse,Credit Suisse,8 years ago,7247,684,322226
Siemens_Energy,Siemens_Energy,9 years ago,17997,24880,150273
DeutscheBank,Deutsche Bank,9 years ago,13314,268,681719
76,76,4 years ago,1294,160,10003
tictac,Tic Tac,3 years ago,4043,23,943636
GoogleAI,Google AI,9 years ago,1190,21,1270602
Versace,VERSACE,9 years ago,6129,474,4582834
KarlLagerfeld,KARL LAGERFELD,6 years ago,1985,62,1481807
gucci,gucci,9 years ago,7613,348,5514066
ThinkwithGoogle,Think with Google,7 years ago,10808,640,330786
Dior,Dior,7 years ago,2768,142,8067426
dolcegabbana,Dolce & Gabbana,8 years ago,15161,416,5259216
JPGaultier,Jean Paul Gaultier,7 years ago,6190,784,1542669
Prada,PRADA,5 years ago,2489,4,985294
MonsterEnergy,Monster Energy,9 years ago,16107,939,3221694
googleanalytics,Google Analytics,9 years ago,8228,404,1047246
MonsterGaming,Monster Gaming,9 years ago,20741,550,280604
LouisVuitton,Louis Vuitton,9 years ago,4340,13,7266981
Fendi,Fendi,8 years ago,5577,600,564119
gsuite,G Suite,9 years ago,15775,5822,809641
MaisonValentino,Valentino,8 years ago,7593,1056,2015113
givenchy,GIVENCHY,7 years ago,993,4,956401
YSL,Saint Laurent,9 years ago,1184,137,4173233
McQueen,Alexander McQueen,7 years ago,3763,250,1892399
themarcjacobs,Marc Jacobs,7 years ago,1506,49,1753802
jimmychoo,Jimmy Choo,9 years ago,5035,1167,1522147
VictoriasSecret,Victoria's Secret,9 years ago,154563,1227,11254842
Burberry,Burberry,9 years ago,12901,13,8471352
MichaelKors,Michael Kors,8 years ago,12111,592,3543585
LouisVuitton_US,Louis Vuitton US,9 years ago,4469,250,1562480
LouboutinWorld,Christian Louboutin,9 years ago,12486,696,3046752
ManoloBlahnik,Manolo Blahnik,6 years ago,3620,326,256378
giorgioarmani,Giorgio Armani,8 years ago,10787,384,3412671
Bergdorfs,Bergdorf Goodman,8 years ago,52313,1261,463981
Balmain,Balmain,6 years ago,3921,1067,544099
VeraWangGang,Vera Wang,9 years ago,6952,418,868857
dkny,DKNY,9 years ago,1487,143,525886
DVF,DVF,10 years ago,12484,933,1135443
Cartier,Cartier,9 years ago,1817,2,416644
TiffanyAndCo,Tiffany & Co.,8 years ago,13164,127,1663086
Bulgariofficial,Bulgari,9 years ago,2857,484,607794
OscardelaRenta,Oscar de la Renta,9 years ago,14402,468,438606
KraftSingles,Kraft Singles,2 years ago,149,16,2016
NotThatHilary,Hilary,9 years ago,59050,1373,2356
directvnow,DIRECTV NOW,2 years ago,12272,410,53753
BofA_News,Bank of America News,7 years ago,8141,451,453101
Acura,Acura,9 years ago,18822,2244,160936
ItsFlo,Flo from Progressive,7 years ago,3517,109,49823
DIRECTV,DIRECTV,10 years ago,67651,1648,234286
DeloitteDIGI_US,Deloitte Digital US,9 years ago,8590,737,25390
Deloitte,Deloitte,11 years ago,21264,1429,430483
uline,Uline,10 years ago,680,3,3664
DermiraInc,Dermira Inc,12 months ago,172,88,313
SonyElectronics,Sony Electronics,9 years ago,18716,4748,357202
lululemon,lululemon,9 years ago,253893,369,1064221
AlaskaAir,Alaska Airlines,10 years ago,238464,5496,320575
Home2Suites,Home2 Suites,9 years ago,5105,4457,11581
ChoiceHotels,Choice Hotels,10 years ago,17005,3947,43151
baroness,The Baroness,about a year ago,583,128,8343
FirestoneTires,Firestone Tires,9 years ago,1569,181,41110
Menards,Menards,8 years ago,646,116,4114
HiltonNewsroom,Hilton,9 years ago,25671,5249,151288
ToshibaUSA,Toshiba,9 years ago,8615,1209,117566
LGUS,LG Electronics,7 years ago,67317,8761,315748
lenovo,Lenovo,9 years ago,52868,1698,666077
adidas,adidas,7 years ago,13754,147,3477076
Google,Google,9 years ago,88245,218,20361303
Academy,Academy Sports + Outdoors,8 years ago,21712,7731,315485
HolidayInn,Holiday Inn,9 years ago,9970,47887,115139
Pringles_UK,Pringles,4 years ago,5739,368,25932
TripAdvisor,TripAdvisor,9 years ago,19661,3836,3599690
JohnLegere,John Legere,5 years ago,42491,303,5732716
BestWestern,Best Western,9 years ago,23806,4032,83554
adidasoriginals,adidas Originals,9 years ago,17380,366,3967680
LQ,LaQuinta Inns&Suites,9 years ago,9725,2257,12091
MrPeanut,Mr Peanut,7 years ago,1424,79,13765
CourtyardHotels,Courtyard Hotels,9 years ago,76204,158,71701
Illustrator,Adobe Illustrator,9 years ago,16713,269,432699
HiltonHotels,Hilton Hotels,9 years ago,49647,9405,290659
creativecloud,Adobe Creative Cloud,6 years ago,18844,2028,411553
budlight,Bud Light,6 years ago,40091,224,179185
BudLightMEX,Bud Light,7 years ago,10057,437,116906
Photoshop,Adobe Photoshop,9 years ago,4537,749,3332052
BudLightEsports,Bud Light,2 years ago,432,70,16158
MillerLite,Miller Lite,6 years ago,5865,815,227768
InDesign,Adobe InDesign,9 years ago,10918,171,266603
Splenda,Splenda,6 years ago,2462,79,5266
gmail,Gmail,9 years ago,59751,59,5810877
WaltDisneyCo,Walt Disney Company,6 years ago,1901,84,350216
BLPlatinum,Bud Light Platinum,5 years ago,1973,184,10448
budweiserusa,BudweiserUSA,5 years ago,26572,187,161778
googledevs,Google Developers,9 years ago,5096,246,2155935
CoorsLight,Coors Light,6 years ago,7742,133,117227
23andMe,23andMe,10 years ago,16808,7461,87542
MicrosoftStore,Microsoft Store,9 years ago,94474,4837,899409
surface,Microsoft Surface,6 years ago,103216,662,544379
iShares,iShares,7 years ago,15589,1111,186724
CountryCrock,CountryCrock,8 years ago,1978,197,12189
BofA_Tips,Bank of America Tips,8 years ago,3965,430,170631
HuntsChef,The Hunt’s Team,7 years ago,2467,333,5140
kraftmacncheese,KRAFT Mac & Cheese,8 years ago,7626,337,21667
BestFoods,Best Foods,8 years ago,12074,1094,9425
Windows,Windows,10 years ago,296025,1745,6157452
Fidelity,Fidelity Investments,9 years ago,22736,5267,233192
kraftcheese,Kraft Cheese,7 years ago,2705,862,16885
Android,Android,6 years ago,5516,65,10108071
BushsBeans,Bush's Beans,9 years ago,5937,288,6228
MinuteRiceUS,Minute Rice,9 years ago,2480,86,13603
RealReddiWip,Reddi Wip,4 years ago,2542,1810,1893
gortonsseafood,Gorton's Seafood,9 years ago,1935,598,8070
COSMermaid,Chicken of the Sea,9 years ago,6511,2182,8436
steelers,Pittsburgh Steelers,9 years ago,39606,265,3359904
Kingsford,Kingsford Charcoal,8 years ago,4147,797,21422
StarKistCharlie,StarKist,8 years ago,11326,970,6683
LowerMyBills,LowerMyBills,9 years ago,187,210,16855
TDAmeritrade,TD Ameritrade,9 years ago,47435,1489,111509
awscloud,Amazon Web Services,9 years ago,23792,724,1669731
starbucksgold,Starbucks Rewards,9 years ago,18212,2109,190893
AmexBusiness,American Express Business,9 years ago,25230,2309,187452
CoolWhip,COOL WHIP,6 years ago,1275,27,2798
GooglePlay,Google Play,7 years ago,147732,941,6904061
Bayer4Crops,Bayer Crop Science,8 years ago,23325,1863,226600
YouTube,YouTube,10 years ago,22784,1019,70733406
StarbucksMex,Starbucks México,8 years ago,18200,13213,510953
Bayer4CropsUS,Bayer CropScience US,7 years ago,33416,6266,58275
Bayer4CropsCA,Crop Science Canada,5 years ago,3880,1019,11497
SbuxIndonesia,Starbucks Indonesia,9 years ago,22674,557,3723809
googlechrome,Google Chrome,9 years ago,27929,106,6395887
LandRover,Land Rover,7 years ago,6134,1781,703267
MerrillLynch,Merrill Lynch,7 years ago,3181,411,493944
LandRover_UK,Land Rover UK,9 years ago,13973,3489,184360
LandRoverUSA,Land Rover USA,7 years ago,7923,400,446501
eHarmony,eharmony,9 years ago,34780,29,58137
LandRoverRugby,Land Rover Rugby,4 years ago,1633,3261,24909
etrade,E*TRADE,9 years ago,14548,551,63353
Walgreens,Walgreens,9 years ago,55094,1600,893061
MLB,MLB,9 years ago,158828,5712,8179516
EatLiquidGold,VELVEETA,7 years ago,3855,734,18539
LincolnMotorCo,Lincoln Motor Company,6 years ago,5976,169,88283
Match,Match,9 years ago,17372,1050,87907
CalvinKlein,CALVIN KLEIN,9 years ago,4983,236,3610953
Heineken_US,Heineken US,6 years ago,7119,258,57879
Capri_Sun,Capri Sun,4 years ago,2393,476,5412
MINIUSA,MINI USA,7 years ago,7686,256,90423
Jet,Jet,3 years ago,5476,84,21936
GoDaddy,GoDaddy,10 years ago,125086,101389,314290
JetHeads,Jet Heads,3 years ago,8911,3,3360
rollsroycecars,Rolls-RoyceMotorCars,7 years ago,2375,67,814876
KeeblerElves,Ernie Keebler,2 years ago,5239,116,19842
TwitterMusic,Twitter Music,6 years ago,15162,376,11979402
TUMStweets,TUMS,7 years ago,80555,729,15900
LoveMyPhilly,PHILADELPHIA,10 years ago,12265,15940,50088
dominosugar,Domino Sugar,9 years ago,10565,11645,25267
MINI,MINI,8 years ago,10821,349,238772
CooperMiniLtd,Cooper MINI,9 years ago,1233,1201,15638
TwitterTV,Twitter TV,6 years ago,15648,1549,9555004
TwitterLive,Twitter Live,8 years ago,5895,38,9567392
OppFunds,OppenheimerFunds,7 years ago,8267,707,82477
TwitterSports,Twitter Sports,7 years ago,13429,1229,15390621
Invisalign,Invisalign,9 years ago,24550,1304,24069
InvisalignLIVE,InvisalignLIVE,9 years ago,2586,784,11710
WisdomTreeETFs,WisdomTree,9 years ago,10959,396,267283
Vanguard_Group,Vanguard,9 years ago,21976,938,268188
MetLifeCares,MetLife Cares,6 months ago,352,1,196
MorningstarInc,"Morningstar, Inc.",9 years ago,26960,400,84538
MagnumGlobal,Magnum Ice Cream,6 years ago,2756,285,9146
Qualcomm,Qualcomm,8 years ago,9409,12803,386501
PNBMetlife1,PNB MetLife,3 years ago,9410,302,90938
MLStadium,MetLife Stadium,8 years ago,14069,1648,38381
Porsche,Porsche,9 years ago,4021,1418,1688795
Lamborghini,Lamborghini,7 years ago,6409,1069,1743045
Bugatti,Bugatti,6 years ago,335,248,487791
Maserati_HQ,Maserati,7 years ago,6918,1071,955258
BentleyMotors,Bentley Motors,8 years ago,3267,128,970157
MercedesAMG,Mercedes-AMG,9 years ago,10161,292,1008479
MercedesBenz,Mercedes-Benz,9 years ago,53294,697,2897968
Cadbury_SA,Cadbury Dairy Milk,6 years ago,5858,420,47441
CadburyUK,Cadbury UK,8 years ago,57649,5578,296841
CadburyIreland,Cadbury Ireland,6 years ago,6560,1226,46186
DairyMilkIn,Cadbury Dairy Milk,6 years ago,219,436,100013
CadburyWorld,Cadbury World,8 years ago,36137,796,53574
PorscheRaces,Porsche Motorsport,4 years ago,25275,174,556776
CadburyAU,Cadbury Australia,8 years ago,8278,3451,15221
PorscheRetail,Porsche Retail Group,5 years ago,24025,3908,26839
PorscheGB,Porsche GB,6 years ago,7763,1484,39685
Purina,Purina,7 years ago,119123,356,57353
PorscheNewsroom,Porsche Newsroom,4 years ago,11744,115,532420
PurinaCatChow,Purina Cat Chow,7 years ago,18821,971,56720
CanonUSA,Canon USA Corp.,5 years ago,3559,105,171388
dogchow,Purina Dog Chow,6 years ago,2155,1087,8603
PurinaONEdog,Purina ONE Dog,7 years ago,3583,71,23472
NorwestVP,Norwest,9 years ago,8813,1763,23449
QuickenLoans,Quicken Loans,10 years ago,56443,596,41199
CanonUSAimaging,Canon USA Imaging,5 years ago,54742,87,198110
NespressoUSA,Nespresso USA,9 years ago,25374,2778,44015
Nespresso,Nespresso Global,9 years ago,44097,7212,90678
Twitter,Twitter,11 years ago,7001,144,55289407
LGUSAMobile,LG USA Mobile,7 years ago,32379,1063,319806
TwitterBusiness,Twitter Business,8 years ago,11569,196,1003890
BMWGroup,BMW Group,8 years ago,5148,191,554799
BMWUSA,BMW USA,8 years ago,12074,841,531417
BMW,BMW,5 years ago,27135,72,1695624
EmbassySuites,Embassy Suites,9 years ago,16997,9521,53888
OnStar,OnStar,9 years ago,20664,4145,27652
marcus,Marcus by Goldman Sachs,about a year ago,168,24,2158
scottproducts,Scott,4 years ago,2529,70,10018
LibertyB2B,Liberty Mutual B2B,10 years ago,6616,355,45865
NintendoAmerica,Nintendo of America,11 years ago,15520,274,9432374
Pokemon,Pokémon,8 years ago,89411,9,5162592
Xbox,Xbox,9 years ago,229964,17238,12861044
Gillette,Gillette,9 years ago,25673,658,103660
AskCapitalOne,Capital One,8 years ago,224085,21354,94613
RockstarGames,Rockstar Games,9 years ago,15846,1234,9303766
Ubisoft,Ubisoft,10 years ago,36081,736,7101312
IGN,IGN,9 years ago,106715,885,6881782
DawnDish,Dawn,8 years ago,2471,1391,15758
Toyota,Toyota USA,10 years ago,29259,18752,722770
ToyotaMotorCorp,Toyota Motor Corp.,4 years ago,6355,480,151238
Pampers,Pampers,9 years ago,32879,2796,157104
herbalessences,Herbal Essences,9 years ago,6323,702,48988
Yoplait,Yoplait Yogurt,9 years ago,14359,12332,68123
Luvs,Luvs Diapers & Wipes,8 years ago,7634,527,21178
OlaySkin,Olay Skin Care,6 years ago,10869,492,143321
Pantene,Pantene Pro-V,9 years ago,20982,1506,181403
revlon,Revlon,8 years ago,12101,1008,438636
Tampax,Tampax,6 years ago,2614,245,14783
BounceFresh,Bounce,5 years ago,597,56,11778
Febreze_Fresh,Febreze_Fresh,10 years ago,5768,1083,72563
Always,Always,6 years ago,4599,660,33537
Kleenex,Kleenex® Brand,6 years ago,13329,471,27435
tide,Tide,8 years ago,15009,2266,197020
Crest,Crest,8 years ago,13917,2696,90168
Puffs,Puffs,6 years ago,3647,906,31350
elfcosmetics,e.l.f. Cosmetics,9 years ago,32165,12298,388117
Charmin,Charmin,7 years ago,11936,4240,80335
LOrealParisUSA,L'Oréal Paris USA,8 years ago,47689,1938,488029
COVERGIRL,COVERGIRL,8 years ago,27906,836,634814
Bounty,Bounty,7 years ago,5229,1182,71429
GilletteVenus,Gillette Venus,9 years ago,10134,1270,60566
PGeveryday,P&G everyday™,6 years ago,10993,1239,41860
OralB,Oral-B,8 years ago,11189,2609,83409
cottonelle,Cottonelle,8 years ago,7367,794,35374
Pepto,Pepto-Bismol,7 years ago,10760,379,9735
SecretDeodorant,Secret Deodorant,9 years ago,10367,7959,92053
Maybelline,Maybelline New York,9 years ago,51504,1413,682302
ABHcosmetics,ABH Cosmetics,9 years ago,29435,667,604397
wetnwildbeauty,wet n wild beauty,9 years ago,11503,3447,278883
Charbroil,Char-Broil,8 years ago,24684,2820,21720
LancomeUSA,Lancôme USA,9 years ago,12244,844,370506
BenefitBeauty,Benefit Cosmetics US,9 years ago,70729,2299,965308
ScopeMouthwash,ScopeMouthwash,8 years ago,2711,664,23352
MACcosmetics,MACcosmetics,10 years ago,45453,1120,1507118
SunChips,SunChips Brand,9 years ago,1937,3531,58641
NyxCosmetics,NYX Pro Makeup,9 years ago,14597,123,1046129
NARSCosmetics,NARS Cosmetics,9 years ago,19103,781,581851
UrbanDecay,Urban Decay,9 years ago,17602,1794,1239281
sugarpillmakeup,Sugarpill Cosmetics,8 years ago,47431,6,115382
tartecosmetics,tartecosmetics,9 years ago,47958,477,797854
Gain,Gain Laundry,9 years ago,6894,1023,86340
RealMrClean,Mr. Clean,5 years ago,4675,5545,28908
OldSpice,Old Spice,9 years ago,6079,73,203964
WeberGrills,Weber Grills,9 years ago,43317,1683,59051
HVRanch,Hidden Valley Ranch,9 years ago,7204,2385,65407
Blue_Bunny,Blue_Bunny,10 years ago,25163,834,70026
DoleSunshine,Dole Packaged Foods,8 years ago,8083,1331,60268
twix,TWIX®,7 years ago,3675,68,14282
7UP,7UP,7 years ago,15306,4917,112476
Smashbox,Smashbox Cosmetics,10 years ago,10070,1138,669816
Smarties,Smarties®,9 years ago,8406,2439,37368
GreenGiant,Green Giant,7 years ago,5720,2293,45452
KITKAT,KITKAT,7 years ago,15771,504,386579
milanicosmetics,Milani Cosmetics,8 years ago,6084,907,228351
Duracell,Duracell,8 years ago,6710,595,81464
ragusauce,Ragú®,8 years ago,6440,4263,36801
Butterfinger,Butterfinger,9 years ago,14503,291,105611
LibbysTable,Libby'sTable,8 years ago,6826,2768,18805
kraftrecipes,Kraft Recipes,9 years ago,16978,7723,218247
stilacosmetics,stilacosmetics,9 years ago,11644,29453,500267
MAKEUPFOREVERUS,MAKE UP FOR EVER,9 years ago,7544,517,664490
MistTwst,Mist Twst,8 years ago,6737,1560,28660
ColourPopCo,ColourPop Cosmetics,4 years ago,23242,101,818714
TooFaced,Too Faced Cosmetics,9 years ago,16180,3602,718206
Starburst,Starburst,7 years ago,3278,38,190032
MountainDew,Mountain Dew®,9 years ago,31148,38701,561816
MMsWorldStores,M&M'S® World,6 years ago,1127,55,9458
Snapple,Snapple®,9 years ago,24141,19647,93728
Skittles,Skittles,8 years ago,6360,17,388729
panerabread,Panera Bread,9 years ago,87250,11963,451792
Sprite,Sprite,8 years ago,17095,709,281778
juicyfruit,Juicy Fruit,4 years ago,752,3,72271
Jolly_Rancher,JOLLY RANCHER,8 years ago,11099,1464,74074
RedVines,Red Vines,8 years ago,12929,5823,59114
mmschocolate,M&M'S® Brand,10 years ago,9614,64,95845
WheatThins,Wheat Thins,8 years ago,24831,10914,222944
Ivory,Ivory,7 years ago,2484,202,12404
olivegarden,Olive Garden,11 years ago,126484,18664,394515
ScrubbingBubble,Scrubbing Bubbles®,9 years ago,4754,3679,25981
Cream_of_Wheat,Cream of Wheat™,9 years ago,2964,439,28152
Freschetta,Freschetta,8 years ago,3191,8383,19567
eatwholly,Wholly Guacamole,8 years ago,10454,1996,27361
QuiltedNorthern,Quilted Northern®,8 years ago,3313,1786,7441
AngelSoft,Angel Soft®,5 years ago,1961,115,2320
drpepper,Dr Pepper,9 years ago,53612,35181,419754
Brawny,Brawny®,7 years ago,4210,286,15550
CocaColaCo,The Coca-Cola Co.,9 years ago,18501,35498,1260002
Lipton,LIPTON® Tea,11 years ago,24902,5155,51517
DrinkAriZona,AriZona Iced Tea,9 years ago,29908,11159,82055
Natures_Own,Nature's Own,9 years ago,9466,1007,22625
DietCoke,Diet Coke,8 years ago,16983,845,301836
krispykreme,Krispy Kreme,9 years ago,46635,18147,321145
tridentgum,Trident Gum,8 years ago,8618,1038,56795
stridegum,STRIDE gum,8 years ago,10744,1235,39318
Motts,Mott's,9 years ago,12273,28242,45485
IHOP,IHOP,6 years ago,141817,1374,379499
GoldfishSmiles,Goldfish,6 years ago,11040,7207,37706
Outback,Outback Steakhouse,9 years ago,43516,9684,319285
redrobinburgers,Red Robin,9 years ago,40932,19575,185542
Dentyne,Dentyne,8 years ago,5025,1640,19321
TootsieRoll,Tootsie Roll,5 years ago,9710,352,41302
PEEPSBrand,PEEPS® Brand 💕🐥🐰,7 years ago,2930,125,22671
Folgers,Folgers,7 years ago,4509,93,20805
SourPunchCandy,Sour Punch Candy,8 years ago,5914,1645,42082
WaffleHouse,Waffle House,9 years ago,43653,5619,86738
Cheesecake,Cheesecake Factory,9 years ago,34129,14322,367556
mikeandike,MIKE AND IKE® 😜,9 years ago,4253,2318,52826
MrOwl,Mr. Owl,6 years ago,21440,1759,66336
chevrolet,Chevrolet,9 years ago,30427,20365,1009272
HOTTAMALESBrand,HOT TAMALES® 🔥,7 years ago,1913,329,10605
WelchsFruitSnck,Welch's Fruit Snacks,7 years ago,3160,5274,43414
JuniorMints,Junior Mints,6 years ago,11528,204,27636
Quiznos,Quiznos,9 years ago,43970,4501,127528
sonicdrivein,Sonic Drive-In,9 years ago,49004,4838,364691
TGIFridays,TGI Fridays,8 years ago,63068,7938,213669
PeanutChews,Peanut Chews 💯🎂🎉,9 years ago,2419,725,2382
CafeBustelo,Cafe Bustelo,8 years ago,6729,1617,12486
DennysDiner,Denny's,9 years ago,14594,2435,500773
littlecaesars,Little Caesars,9 years ago,24414,487,264492
Keurig,Keurig,9 years ago,71159,3400,125069
indelight,InternationalDelight,9 years ago,17740,6290,32332
GMC,GMC,8 years ago,13810,6086,990503
adidasUS,adidas,9 years ago,15893,353,887822
Moto,Motorola Global,2 years ago,1544,105,79041
MotorolaUS,Motorola US,9 years ago,31581,16654,520476
OfficialMOPAR,MOPAR,7 years ago,12922,9585,152373
aleve,Aleve,5 months ago,18,0,30
CMEGroup,CMEGroup,10 years ago,37984,6609,688383
OracleCloud,Oracle Cloud,8 years ago,10839,675,63728
LiveNationNYC,Live Nation NYC,9 years ago,13958,1119,26204
PlayersTribune,The Players' Tribune,6 years ago,18289,2461,603976
Kia,Kia Motors America,9 years ago,30156,998,311509
WatchStadium,Stadium,5 years ago,77505,873,84281
IMG,IMG,9 years ago,2534,1042,40079
esports,Esports,9 months ago,740,21,275
RamTrucks,RamTrucks,8 years ago,9009,1315,377155
Dodge,Dodge,8 years ago,11564,15478,820218
FiatChrysler_NA,FCA-North America,11 years ago,25812,45201,648146
Cadillac,Cadillac,9 years ago,9793,1698,632554
Kia_Motors,Kia Motors Global,9 years ago,12366,718,219861
Jaguar,Jaguar,7 years ago,9004,1266,1050778
Chrysler,Chrysler,8 years ago,9710,2033,249358
Lexus,Lexus,9 years ago,21948,4570,920523
Buick,Buick,9 years ago,10671,2060,265191
mitsucars,Mitsubishi USA,9 years ago,6886,864,241627
MazdaUSA,Mazda USA,8 years ago,8257,9170,318145
FIATUSA,FIAT USA,8 years ago,9861,10664,230550
ChickfilANews,Chick-fil-A News,4 years ago,1444,2300,9405
Wendys,Wendy's,9 years ago,142144,1265,2772343
Arbys,Arby's,8 years ago,42477,76073,820439
Cinnabon,Cinnabon,8 years ago,257745,153967,173948
coldstoneng,Cold Stone Creamery,5 years ago,5037,1346,9313
BurgerKing,Burger King,8 years ago,21118,3896,1655474
AuntieAnnes,Auntie Anne's,9 years ago,72099,32925,58222
oscarmayer,Oscar Mayer,8 years ago,8125,807,25784
rockstarenergy,RockstarEnergyDrink,9 years ago,16340,2400,346132
Hardees,Hardee's,10 years ago,13895,4393,69364
pizzahut,Pizza Hut,10 years ago,411713,91811,1578663
ChickfilA,"Chick-fil-A, Inc.",10 years ago,116982,7781,932929
SUBWAY,SUBWAY®,9 years ago,57053,31909,2358904
dunkindonuts,Dunkin' Donuts,11 years ago,79159,56438,1181507
dominos,Domino's Pizza,9 years ago,356048,662,1251239
PandaExpress,Panda Express,9 years ago,22930,2178,55095
jcpenney,JCPenney,9 years ago,57810,741,458391
Kmart,Kmart,6 years ago,67137,2910,173989
jimmyjohns,Jimmy John's,9 years ago,280766,15352,497768
hbpizza,Hunt Brothers Pizza,8 years ago,3506,255,4814
Tostitos,Tostitos,7 years ago,4953,25,33684
Sears,Sears,9 years ago,78487,10185,207105
Breyers,Breyers,8 years ago,17227,138,117086
Wienermobile,WIENERMOBILE,10 years ago,7655,1322,17969
Oreo,Oreo Cookie,8 years ago,26064,211,835302
Swiffer,Swiffer,7 years ago,7993,1494,54562
originalnathans,Nathan's Famous,4 years ago,3023,453,6316
SamuelAdamsBeer,Samuel Adams Beer,6 years ago,47146,869,82734
Quaker,QuakerOats,9 years ago,22031,4250,188013
Pillsbury,Pillsbury,8 years ago,22494,11547,146327
ColdStone,Cold Stone Creamery,9 years ago,13074,20134,62055
BettyCrocker,Betty Crocker,10 years ago,17566,31316,152364
butterball,Butterball,9 years ago,4708,3239,52834
Fritolay,Frito-Lay N. America,9 years ago,24058,4341,316006
PepperidgeFarm,Pepperidge Farm,9 years ago,10825,9505,53500
Klondikebar,Klondike,10 years ago,8564,264,119371
RealDuncanHines,Duncan Hines,9 years ago,6149,1451,64179
BaskinRobbins,Baskin-Robbins,10 years ago,8116,9469,186320
Applebees,Applebee's,8 years ago,685044,388217,623308
reeses,REESE'S,7 years ago,14104,1114,272629
Pringles,Pringles,8 years ago,11711,627,411986
LittleDebbie,Little Debbie,9 years ago,9940,11729,178399
LAYS,LAY'S,8 years ago,39715,2413,448581
Gatorade,Gatorade,9 years ago,21834,3326,332699
Chilis,Chili's Grill & Bar,9 years ago,399098,27364,393524
SNICKERS,SNICKERS®,9 years ago,11341,305,331459
Tropicana,Tropicana,9 years ago,16150,2507,183065
Hostess_Snacks,Hostess Snacks,9 years ago,24882,1912,101597
Nesquik,Nesquik,9 years ago,28366,2636,77909
cheerios,Cheerios,9 years ago,12911,561,83474
JuicyJuiceUSA,Juicy Juice,9 years ago,5062,519,46070
Sunkist,Sunkist Growers,9 years ago,13648,7363,69510
RUFFLES,RUFFLES,5 years ago,2388,250,57501
esurance,Esurance,10 years ago,12969,163,126365
redlobster,Red Lobster,11 years ago,32435,318,306134
RocketMortgage,Rocket Mortgage by Quicken Loans,2 years ago,443,243,3081
Bertolli,Bertolli,8 years ago,2516,1453,20100
GEICO,GEICO,9 years ago,16575,1900,61360
ask_progressive,Progressive Ins.,9 years ago,9483,143,15025
AngiesList,Angie's List,10 years ago,33691,3065,38722
ICBINotButter,ICantBelieveItsNot,8 years ago,2349,3713,40893
JennyCraig,Jenny Craig,9 years ago,7085,569,15513
Hyundai,Hyundai USA,9 years ago,25978,9941,343786
BigLots,Big Lots,10 years ago,11172,1055,166739
NissanUSA,Nissan,9 years ago,37908,3256,740732
BananaRepublic,Banana Republic,9 years ago,19358,1121,310076
Coffeemate,Coffee-mate,9 years ago,23962,564,57783
Experian,Experian,8 years ago,16843,2076,17660
Downy,Downy,7 years ago,6932,1570,98757
ExperianMkt_UK,Experian Marketing,10 years ago,18700,7155,20708
Experian_US,Experian,8 years ago,55000,5178,26869
LeanCuisine,Lean Cuisine,7 years ago,12891,168,12696
ChubbNA,Chubb North America,9 years ago,22945,27743,45154
Nissan,Nissan,7 years ago,6503,458,729100
Prudential,Prudential,5 years ago,4401,87,144976
DairyQueen,Dairy Queen,9 years ago,44891,9483,472975
Reebok,Reebok,9 years ago,36062,5454,732966
Bayer,Bayer AG,8 years ago,6977,2332,155431
tacobell,Taco Bell,11 years ago,790449,54,1871166
Mayhem,Mayhem,4 years ago,1444,6,118147
BestBuy_Deals,Best Buy Deals,9 years ago,9884,4,412263
BBYNews,Best Buy News,8 years ago,4173,851,41112
BofAML,BofAML,4 years ago,4355,181,139936
bbfb_bestbuy,Best Buy Business,9 years ago,409,454,6637
kfc,KFC,10 years ago,38193,11,1290771
Chubb,Chubb,9 years ago,3181,803,23174
fanta,Fanta,7 years ago,8167,1741,156981
PapaJohns,Papa John's Pizza,9 years ago,49104,2636,587363
TysonBrand,Tyson Brand,5 years ago,2050,655,1036
stouffers,STOUFFER'S,9 years ago,25351,406,41790
HillshireFarm,Hillshire Farm,7 years ago,3251,1308,10198
JimmyDean,Jimmy Dean,7 years ago,6598,521,13020
Sensodyne_US,Sensodyne US,3 years ago,4617,212,3661
OldNavy,Old Navy Official,9 years ago,20038,2977,350889
Honda,Honda,9 years ago,201461,1600,929932
keybank,KeyBank,6 years ago,4567,2724,21165
Jeep,Jeep,8 years ago,11628,16466,924010
Vegas,Vegas,9 years ago,99203,19544,456155
BallParkBrand,Ball Park Brand,6 years ago,3806,563,10211
TMobiledeals,T-Mobile Deals,4 years ago,946,92,7573
TMobileArena,T-Mobile Arena,2 years ago,4678,475,25327
TMobile,T-Mobile,9 years ago,433333,13010,1057485
TMobileBusiness,T-Mobile Business,6 years ago,3070,1703,24673
ComcastUtah,Comcast Utah,3 years ago,1313,367,454
HPGraphicArts,HP Graphic Arts,8 years ago,19387,4874,21502
HRBlockNews,H&R Block News,5 years ago,1897,414,4308
DellEMCServices,Dell EMC Services,8 years ago,11094,667,16531
IBMCanada,IBM Canada,6 years ago,6448,4001,7556
humananews,HumanaNews,5 years ago,2619,311,7537
IBMindustries,IBM Industries,9 years ago,10188,2517,23073
IBMDataScience,IBM Data Science,2 years ago,4480,763,7424
ComcastOrSWWa,Comcast Oregon/SW Wa,9 years ago,3014,1540,1840
DellSmbUS,Dell For Business US,10 years ago,5714,1036,37915
IBMBlockchain,IBM Blockchain,2 years ago,3176,828,55754
IBMcloud,IBM Cloud,7 years ago,36783,3308,153925
dellhome,DellHome,10 years ago,12466,530,90259
IBMAnalytics,IBM Analytics,7 years ago,43225,1857,177758
DellSmbCA,DellSmbCA,9 years ago,9940,2961,12171
IBM_iX,IBM iX,9 years ago,5491,1294,17944
DellEMC_CI,Dell EMC Converged,7 years ago,8411,1913,28113
ComcastCA,Comcast California,7 years ago,13777,2270,2972
comcastcares,ComcastCares,10 years ago,923093,156039,194649
comcastbusiness,Comcast Business,6 years ago,9841,969,149110
HPE_Careers,HPE Careers,3 years ago,7039,1264,48059
HPE,HPE,7 years ago,14920,1686,59102
HPBusiness,HP Business,9 years ago,14112,972,38679
HPCareers,HP Careers,7 years ago,16303,605,17869
CitiPrivatePass,Citi® Private Pass®,9 years ago,11379,19010,77324
CiscoServices,Cisco Services,9 years ago,6013,982,13564
GMFleet,General Motors Fleet,4 years ago,340,57,11664
HomeDepotGR,Home Depot GR,6 years ago,799,1057,2397
CocaColaRacing,Coca-Cola Racing,9 years ago,11388,104,130899
CitiVentures,Citi Ventures,4 years ago,796,259,2061
DisneyPixar,Disney•Pixar,9 years ago,6938,147,11253885
GetSpectrum,Spectrum,8 years ago,37960,1853,130883
forduk,Ford UK,9 years ago,9267,3264,117067
Citilabs,Citilabs,7 years ago,569,435,469
CiscoTrust,Cisco Trust,11 months ago,1293,217,564
Foxconn_PR,FoxConn PR Dept,8 years ago,105,721,993
FordCanada,Ford Canada,7 years ago,11729,1497,64819
Citibank,Citibank,8 years ago,10907,35266,384994
CiscoDigital,Cisco Digital,5 years ago,9176,1187,20065
discoveryfamily,Discovery Family,8 years ago,7737,1471,48038
FedExOffice,FedEx Office,6 years ago,4223,320,48396
FedExHelp,FedEx Help,5 years ago,291273,158,35714
FedExNews,FedEx News,about a year ago,161,1911,12393
TWDS_Careers,DisneyStudiosCareers,9 years ago,17757,165,101088
CiscoCSR,Cisco CSR,8 years ago,14228,672,15752
CiscoDevNet,Cisco DevNet,4 years ago,13234,4214,18055
CiscoCollab,Cisco Collaboration,10 years ago,17016,494,122576
fbplatform,Facebook for Developers,9 years ago,1353,138,173108
EA,Electronic Arts,10 years ago,29324,468,5183889
CiscoCloud,Cisco Cloud,7 years ago,8509,2919,34916
Equifax,Equifax Inc.,7 years ago,2705,1131,16154
CenturyLink_Gov,CenturyLinkGov,about a year ago,924,63,6607
CenturyLinkBiz,CenturyLink Business,5 years ago,4049,7764,55406
CapitalOneTech,Capital One Tech,6 years ago,1177,492,5139
DisneyStudiosCA,WaltDisneyStudiosCAN,5 years ago,4170,271,35245
CenturyLinkEnt,CenturyLink Business,9 years ago,11902,3321,28275
VerizonNews,Verizon News,8 years ago,14414,42,357387
CapitalOneCB,Commercial Banking,6 years ago,509,180,1797
DisneyStudios,Walt Disney Studios,9 years ago,9318,307,4962726
UTCpolicy,UTC Policy,about a year ago,1254,731,1259
AppleNews,Apple News,3 years ago,4240,188,218262
UTCAeroSystems,UTC AerospaceSystems,6 years ago,2469,415,11718
BoeingDefense,Boeing Defense,9 years ago,11426,1475,201289
AppleMusicJapan,Apple Music Japan,3 years ago,1316,14,54344
unisyscorp,Unisys Corporation,9 years ago,39648,2099,36167
USMerckProducts,US Merck Products,4 years ago,175,229,10349
AppleMusic,Apple Music,8 years ago,31480,1323,9327501
BoeingAustralia,Boeing Australia,6 months ago,219,185,1232
DisneyMusic,Disney Music,9 years ago,8525,239,425397
UnileverFoundry,The Unilever Foundry,4 years ago,2263,467,25541
AmazonBusiness,Amazon Business,3 years ago,154,32,6407
DisneyMeeting,Disney Meetings,8 years ago,3913,821,5207
BoeingAirplanes,Boeing Airplanes,9 years ago,7728,496,455900
Disneyland,Disneyland Resort,10 years ago,23747,43,1315143
amazonmusic,Amazon Music,10 years ago,19581,2479,1535889
amazonfiretv,Fire TV 📺,4 years ago,2319,409,39124
BayerPharma,Bayer Pharma,9 years ago,7082,854,135446
Tweetacoffee,Tweetacoffee,5 years ago,103865,1,16951
Uber,Uber,9 years ago,15130,376,936664
AppStore,App Store,8 years ago,8400,21,4573384
AppStoreGames,App Store Games,3 years ago,2393,209,331231
DisneyInstitute,Disney Institute,9 years ago,12302,1447,117219
ATTBusiness,AT&T Business,9 years ago,10068,7549,88353
AetnaNews,Aetna News,3 years ago,2737,289,50144
TravelersChamp,TravelersChamp,9 years ago,7357,964,13132
DisneyCruise,Disney Cruise Line,9 years ago,5760,293,408942
aflacduck,Aflac Duck,9 years ago,7252,5872,65688
Ticketmaster,Ticketmaster,9 years ago,54374,34566,381222
DisneyAulani,DisneyAulani,6 years ago,3635,53,59656
AdobeSpark,Adobe Spark,3 years ago,12596,1654,29842
adobestock,Adobe Stock,3 years ago,2783,215,28984
StarwoodBuzz,Starwood Hotels,9 years ago,25252,56855,225346
AppleTV,Apple TV,8 years ago,8752,97,973184
DimensionFilms,Dimension Films,9 years ago,3057,7525,233745
Starbucksnews,Starbucks News,9 years ago,5248,5263,110969
AppleNewsUK,Apple News UK,2 years ago,2755,151,60156
SamsungDevUS,Samsung Developer,6 years ago,1500,1960,11596
LiveNationINDO,LiveNation Indonesia,3 years ago,516,28,17030
DellTech,Dell Technologies,2 years ago,2422,291,21291
IBMpolicy,IBMPolicy,6 years ago,2453,1293,4194
AdobeExpCloud,Experience Cloud,10 years ago,28157,1670,159570
SamsungSemiUS,Samsung Semicon,8 years ago,3877,390,8998
AdobeDocCloud,Adobe Document Cloud,9 years ago,14522,3775,41181
sprint,Sprint,10 years ago,37967,3944,419542
AdobePremiere,Adobe Premiere Pro,8 years ago,17524,1378,254350
StarbucksCanada,Starbucks Canada,8 years ago,34270,5490,355073
SpiritAirlines,Spirit Airlines,9 years ago,58683,66,87890
IBMStorage,IBM Storage,10 years ago,23101,1177,34976
Sony,Sony,9 years ago,23538,1681,4211430
LiveNationHOU,Live Nation Houston,9 years ago,6272,13943,31041
IBMSports,IBM Sports & Entertainment,9 years ago,2325,1033,13271
IBMServices,IBM Services,10 years ago,6585,1361,38564
itunesfestival,iTunes Festival,9 years ago,2808,60,305918
SamsungNewsUS,Samsung US Newsroom,2 years ago,1346,1027,4559
LiveNationDet,Live Nation Detroit,9 years ago,7608,979,9753
SoFi,SoFi,7 years ago,8093,1966,56330
IBMSecurity,IBM Security,9 years ago,23504,2652,54058
LiveNationCNY,LiveNationCNY,2 years ago,1125,284,780
iTunes,iTunes,9 years ago,4681,107,1264890
IrisByLowes,Iris by Lowe's,6 years ago,4080,391,6540
LendingTree,LendingTree,9 years ago,12825,743,7991
IntelGaming,Intel Gaming,6 years ago,7159,565,626281
IBMNews,IBM News Room,9 years ago,7677,302,90101
SamsungMobileUS,Samsung Mobile US,10 years ago,156572,20083,5065908
KraftBrand,Kraft,11 months ago,1429,152,2458
IntelStorage,Intel Storage,9 years ago,1976,1064,17801
samsung_dev,SAMSUNG DEVELOPERS,9 years ago,5192,759,31297
SamsungCanada,Samsung Canada,8 years ago,21029,3754,60827
ibmmobile,IBM Mobile,7 years ago,22302,2040,72665
IntelSoftware,Intel Software,11 years ago,11739,5814,112187
McDonaldsCanada,McDonald's Canada,8 years ago,66169,5107,121020
McDonaldsCorp,McDonald's,8 years ago,252677,9646,166412
IntelBusiness,Intel Business,9 years ago,29596,1891,204796
insatiable_,insatiable,3 months ago,293,17,22680
MastercardNews,Mastercard News,9 years ago,25080,4842,94227
IntelSmallBiz,IntelSmallBiz,4 years ago,3227,1418,2868
iTunesTrailers,iTunes Trailers,9 years ago,2372,291,2619048
IntelSecurity,Intel Security,4 years ago,6901,116,33269
LiveNationPNW,LIVE NATION PNW,9 years ago,3384,718,1976
SamsungBizUSA,Samsung Business USA,6 years ago,10367,1641,84892
jpmorganfunds,J.P. Morgan Funds,8 years ago,7635,191,84624
NestleUSA,Nestlé US,8 years ago,9001,8825,76669
NvidiaAI,NVIDIA AI,2 years ago,3429,734,34477
SalesforceCA,SalesforceCA,2 years ago,3022,863,13517
SalesforceDevs,Salesforce Developers,11 years ago,12495,1008,96277
iTunesTV,iTunes TV,8 years ago,8526,537,702553
IBMWatson,IBM Watson,9 years ago,12168,1655,228589
Inteliot,Intel IoT,9 years ago,11515,913,128735
MastercardCA,Mastercard Canada,6 years ago,16755,2867,32047
redbull_radio,Red Bull Radio,6 years ago,24845,3356,26398
NestlePureLife,Nestlé Pure Life,about a year ago,694,9,1394
NVIDIAGeForce,NVIDIA GeForce,8 years ago,10419,1092,1361596
LNSource,Live Nation Source,3 years ago,3424,905,2418
iTunesMusic,iTunes Music,3 years ago,1,0,3826
Nestle,Nestlé,9 years ago,12355,670,222756
NVIDIASHIELD,NVIDIA SHIELD,4 years ago,6370,414,66968
redbullesports,Red Bull Esports,8 years ago,20198,327,264532
RedBullZA,Red Bull,8 years ago,26555,1277,96782
RedBullUK,Red Bull UK,8 years ago,50400,3560,174840
redbullracing,Red Bull Racing,7 years ago,18883,13532,2218939
RaytheonCyber,Raytheon Cyber,3 years ago,2095,272,19846
redbull,Red Bull,9 years ago,95767,27875,2083380
MylanNews,Mylan,7 years ago,1375,181,7936
NikeStoreEurope,Nike.com,9 years ago,59431,865,643871
NikeRunning,Nike+ Run Club,7 years ago,171803,250,887873
microsoftcanada,Microsoft Canada,9 years ago,15710,1462,42125
MicrosoftDesign,Microsoft Design,7 years ago,4378,1434,119670
nikestore,Nike.com,9 years ago,333623,162,4519269
PayPal4Business,PayPal For Business,6 years ago,9769,3166,17458
NikeUK,Nike UK,6 years ago,24982,235,437255
nikefootball,Nike Football,9 years ago,45823,483,3422093
radiodisney,RADIO DISNEY,8 years ago,35796,4698,2122640
Microsoft365,Microsoft 365,about a year ago,562,42,78138
NFLFanStyle,NFL Fan Style,6 years ago,2948,943,10827
PrimeVideo,Amazon Prime Video,9 years ago,48429,919,381892
nflnetwork,NFL Network,9 years ago,113696,1956,3548597
QuadCitiesCW,Quad Cities CW,7 years ago,707,99,248
nikesoccer,Nike Soccer,10 years ago,23980,111,2240611
nikesportswear,Nike Sportswear,8 years ago,9810,57,1465216
OracleSMB,Oracle for SMB,5 years ago,3060,974,1894
PrimeVideoKids,Prime Video Kids,2 years ago,1474,122,12885
NikeLab,NIKELAB,9 years ago,5771,9,445111
NFLExperience,NFL Experience,2 years ago,1104,200,2878
OracleHealthSci,OracleHealthSciences,9 years ago,6808,1128,5596
OracleSecurity,Oracle Security,7 years ago,3802,739,5163
OracleEPPM,Oracle Construction and Engineering,9 years ago,4477,1138,6443
NVIDIAVirt,NVIDIA VIRT,5 years ago,4555,2516,9350
Xfinity,Xfinity,10 years ago,54836,3236,196119
PepsiCo,PepsiCo,9 years ago,26223,14868,326993
NVIDIADC,NVIDIA Data Center,8 years ago,6309,1798,33675
WorldofCocaCola,World of Coca-Cola,9 years ago,15680,2219,186888
PrimeVideoIN,Amazon PrimeVideo IN,2 years ago,3774,32,81756
PlayStation,PlayStation,10 years ago,27746,803,15628023
primevideouk,Prime Video UK,9 years ago,58979,0,103478
WindowsUK,Windows UK,8 years ago,9943,81,26870
JackBox,Jack Box,9 years ago,17269,10945,94723
avonworldwide,Avon Worldwide,6 years ago,6369,1172,23898
VistraEnergy,Vistra,2 years ago,2,0,166
ABMFacilityServ,ABM Industries,6 years ago,1310,788,2008
UnSocialMe,EBIN,5 years ago,3,49,319
PolarisInd,Polaris Industries,6 years ago,72,16,365
Fiserv,Fiserv,9 years ago,9092,1333,17651
PXDtweets,Pioneer,5 years ago,144,131,636
harleydavidson,Harley-Davidson,9 years ago,12829,1408,418134
peabodyenergy,Peabody,6 years ago,1722,721,8610
CintasCorp,Cintas Corporation,9 years ago,2369,1631,7090
justplncate,Snake Plushkitten: Escape From Twytter,7 years ago,49599,53,514
NetApp,NetApp,10 years ago,19586,3449,128493
Clorox,Clorox,8 years ago,7408,5345,105781
Cheniere,Cheniere Energy Inc.,about a year ago,56,154,1111
WesternUnion,Western Union,9 years ago,50729,1302,645512
onsemi,ON Semiconductor,9 years ago,4443,1087,17863
Windstream,Windstream,9 years ago,5817,2434,20665
SimonPropertyGp,Simon,7 years ago,1156,424,3694
TheNTGolf,THE NORTHERN TRUST,9 years ago,2552,706,11651
ultabeauty,Ulta Beauty,9 years ago,68102,3240,627259
ICE_Markets,ICE,9 years ago,4371,3489,37032
AmTrustInsured,AmTrust Insurance,5 years ago,2368,2911,2592
BoozAllen,Booz Allen Hamilton,9 years ago,15350,904,47610
MagellanHealth,Magellan Health,7 years ago,2089,702,1395
FirstAm,First American,6 years ago,337,122,1897
WesternSouthern,Western & Southern,9 years ago,3316,1492,3030
wyndestinations,Wyndham Destinations,2 years ago,48,29,240
tollbrothersinc,"Toll Brothers, Inc.",9 years ago,4281,767,14533
Ingredion,Ingredion,6 years ago,130,42,1605
Regeneron,Regeneron,9 years ago,3283,261,13311
yumbrands,Yum! Brands,10 years ago,2383,529,18922
GallagherGlobal,Gallagher,8 years ago,3713,1013,6297
KKR_Co,KKR & Co.,6 years ago,2426,488,13688
Conduent,Conduent,8 years ago,5917,932,15383
Securian,Securian Financial,9 years ago,1133,205,1707
Burlington,Burlington,7 years ago,5845,1540,12600
TATravelCenters,TravelCentersTAPetro,8 years ago,4981,115,6893
MandT_Bank,M&T Bank,8 years ago,2938,1451,9544
askRegions,Regions Bank,6 years ago,40449,257,21402
SPGlobalRatings,S&P Global Ratings,8 years ago,11470,762,96344
iHeartMedia,iHeartMedia,8 years ago,1501,802,21160
celanese,Celanese,7 years ago,4263,154,3357
Sealed_Air,Sealed Air,9 years ago,1487,724,3724
chemours,The Chemours Company,4 years ago,1880,249,5654
Realogy,Realogy,9 years ago,397,105,3337
UGI_Utilities,UGI Utilities,8 years ago,5274,272,2475
AmerenCorp,Ameren Corporation,9 years ago,2778,308,30664
FTI_US,Franklin Templeton,7 years ago,6333,258,91813
Assurant,Assurant,6 years ago,5300,1314,2192
HDSupply,HD Supply,5 years ago,1596,203,5816
OwensCorning,Owens Corning,9 years ago,4011,7,16563
WynnLasVegas,Wynn Las Vegas,9 years ago,14851,8196,586653
RaymondJames,Raymond James,9 years ago,6147,423,13189
NCRCorporation,NCR Corporation,9 years ago,14636,7092,19123
CitizensBank,Citizens Bank,7 years ago,27748,2097,21050
Hanes,Hanes,9 years ago,4106,2364,24134
AsburyAutoGroup,Asbury Automotive,3 years ago,425,51,350
MotoSolutions,Motorola Solutions,7 years ago,12845,2653,21914
Dillards,Dillard's,9 years ago,3937,317,28759
packagingcorp,Packaging Corp,4 years ago,1388,419,1171
ROKAutomation,Rockwell Automation,9 years ago,7637,2291,32874
AmericanAxle,AAM,3 years ago,1291,224,1361
amphenol,Amphenol Corporation,5 years ago,33,26,490
United_Rentals,United Rentals,9 years ago,3722,518,5502
Starbucks,Starbucks Coffee,11 years ago,146430,97082,11491089
DollarGeneral,Dollar General,8 years ago,8929,2317,77674
LasVegasSands,Las Vegas Sands,7 years ago,1756,1625,4208
dressbarn,dressbarn,10 years ago,5467,3061,10269
Progressive,Progressive,11 years ago,21083,7711,57691
Marriott,Marriott Hotels,10 years ago,76519,85,295835
Qualcomm_latam,Qualcomm Latam,6 years ago,1614,515,12879
JLL,JLL,9 years ago,16829,1067,72728
Travelers,Travelers,9 years ago,7013,238,63514
TractorSupply,Tractor Supply,6 years ago,437,121,5973
DoverCorp,Dover,6 years ago,131,62,526
USFoods,US Foods,6 years ago,10506,3088,16047
mutualofomaha,Mutual of Omaha,8 years ago,4189,12612,35969
DominionEnergy,Dominion Energy,8 years ago,1772,1025,4430
USAA,USAA,9 years ago,8711,3950,117773
JCPenneyCareers,JCPenneyCareers,4 years ago,412,1226,866
BldrFirstSource,Builders FirstSource,6 months ago,61,122,74
RockwellCollins,Rockwell Collins,10 years ago,7433,990,34081
northropgrumman,Northrop Grumman,10 years ago,11298,597,172279
EmcorpGroup,Emcorp Group,5 years ago,41,158,62
HiltonWorld,Paris Hilton Fans,7 years ago,21,14,33029
UnionPacific,Union Pacific,9 years ago,2664,86,41831
Mastercard,Mastercard,8 years ago,64279,12117,467957
AdvanceAuto,Advance Auto Parts,8 years ago,23596,10612,36669
abbvie,AbbVie,6 years ago,4796,475,46405
RyderSystemInc,Ryder,10 years ago,3270,1346,4895
JefferiesEvents,JefferiesEvents,6 years ago,764,147,1447
AllianceData,Alliance Data,9 years ago,8451,427,5653
ArrowGlobal,Arrow Electronics,6 years ago,6294,1578,25196
ApacheCorp,Apache Corporation,9 years ago,752,256,11554
AbbottNews,Abbott,7 years ago,7356,4993,63726
HormelFoods,Hormel Foods,10 years ago,12978,1512,60412
KraftHeinzCo,Kraft Heinz Company,8 years ago,1352,135,14177
blackstone,Blackstone,7 years ago,2652,218,78397
PPLCorp,PPL Corporation,6 years ago,752,90,668
StanleyBlkDeckr,StanleyBlack&Decker,8 years ago,1410,378,5891
JetBlue,JetBlue Airways,11 years ago,528389,107775,1954361
footlocker,Foot Locker,9 years ago,119167,4328,1536453
caseysgenstore,Casey's Gen Store,8 years ago,11998,4684,28246
Applied4Tech,Applied Materials,9 years ago,2305,1706,7827
SpiritAero,Spirit AeroSystems,8 years ago,1669,198,7947
QuestDX,Quest Diagnostics,8 years ago,6905,595,8068
WasteManagement,Waste Management,9 years ago,25028,1459,36506
LiveNation,Live Nation,10 years ago,71489,25617,505212
BestBuy,Best Buy,9 years ago,35234,89,888067
WhirlpoolCorp,Whirlpool Corporation,9 years ago,12335,1222,27045
Avnet,Avnet,5 years ago,4736,679,8868
AutoNation,AutoNation,9 years ago,25709,10114,21239
DrPepperSnapple,Dr Pepper Snapple,9 years ago,2977,465,7494
guardianlife,Guardian,5 years ago,977,84,11474
IntlPaperCo,International Paper,5 years ago,2301,122,5686
ADP,ADP,9 years ago,17845,2858,43901
LifePointHealth,LifePoint Health,7 years ago,109,23,1258
Colgate,Colgate Smile,9 years ago,6654,4917,66658
3M,3M,6 years ago,8018,4864,1465305
Hersheys,HERSHEY'S,7 years ago,18892,6293,217923
COTYInc,Coty Inc.,6 years ago,789,555,4649
Expedia,Expedia,9 years ago,84131,31722,403988
LillyPad,Eli Lilly and Company,8 years ago,20252,1353,106793
CHRobinsonInc,C.H. Robinson,7 years ago,10262,1125,13274
HCAhealthcare,HCA,9 years ago,3059,691,10951
WarnerMediaGrp,WarnerMedia,9 years ago,7140,1002,17545
InsightEnt,Insight Enterprises,9 years ago,10913,800,5124
pfglender,Prudential Financial,3 years ago,8,34,17
Exelon,Exelon Corporation,9 years ago,4303,1352,18855
MGMResortsIntl,MGM Resorts,4 years ago,7870,2713,53818
Visa,Visa,6 years ago,13895,1131,367265
lincolnfingroup,Lincoln Financial,9 years ago,3408,232,8307
Ecolab,Ecolab,7 years ago,3447,1230,13623
DCPMidstreamLP,DCP Midstream,3 years ago,141,67,441
EdwardJones,Edward Jones,9 years ago,1857,110,14395
salesforce,Salesforce,9 years ago,54865,161604,435682
firstenergycorp,FirstEnergy Corp.,9 years ago,4783,37,6639
RGA_RE,RGA,5 years ago,1244,366,709
AGCOcorp,AGCO,9 years ago,13551,3322,37524
LandOLakesKtchn,Land O'Lakes,8 years ago,9440,4992,15358
TheHartford,The Hartford,9 years ago,3885,238,38678
netflix,Netflix US,9 years ago,24337,1087,5250540
L_Brands,L Brands,8 years ago,1774,146,6547
Lennar,Lennar,10 years ago,26493,175213,268383
Ally,Ally,8 years ago,28063,587,35910
HIIndustries,Huntington Ingalls Industries,7 years ago,14714,1279,6660
Viacom,Viacom,9 years ago,4618,480,174479
Discovery,Discovery,9 years ago,44558,437,8034759
mosaicscience,Mosaic,5 years ago,16011,3104,14865
newell_brands,Newell Brands,8 years ago,3546,321,3877
zimmerbiomet,Zimmer Biomet,7 years ago,4336,273,7122
westerndigital,Western Digital,about a year ago,1693,424,28026
CHSTalentScout,CHS Talent Scout,7 years ago,3859,1195,2322
EXPD_Official,Expeditors,6 years ago,1164,250,1890
unumrecruit,Unum Group Staffing,9 years ago,1439,520,833
FISGlobal,FIS,8 years ago,5952,1140,17054
PPG,PPG,9 years ago,4860,907,23464
DICKS,DICK'S Sporting Goods,9 years ago,48510,3742,391372
BorgWarner,BorgWarner,3 years ago,1070,646,3500
Xerox,Xerox,10 years ago,22192,1625,187484
ConEdison,Con Edison,9 years ago,19848,3397,32154
KCCorp,Kimberly-Clark Corp.,8 years ago,5650,523,25226
SherwinWilliams,Sherwin-Williams,8 years ago,9386,546,148835
FrontierCorp,Frontier Comm,9 years ago,14016,3040,22409
Corning,Corning Incorporated,9 years ago,6751,692,29372
goodyear,Goodyear,5 years ago,1494,459,21957
Group1Auto,Group 1 Automotive,7 years ago,1166,686,3330
Dell,Dell,9 years ago,50523,3702,692180
Tesla,Tesla,10 years ago,6730,125,2896473
Owens_Minor,Owens and Minor,2 years ago,819,349,575
Amgen,Amgen,9 years ago,7656,74,69097
JacobsConnects,Jacobs,10 years ago,10291,776,32886
UTC,United Technologies,11 years ago,6490,783,36882
andeavor,Andeavor,5 years ago,1098,604,3778
21CF,21st Century Fox,5 years ago,2247,602,10306
edisonintl,Edison International,7 years ago,2349,646,2615
Chevron,Chevron,9 years ago,14353,368,344823
BNYMellon,BNY Mellon,8 years ago,5383,477,27661
DanaInc_,Dana Incorporated,7 years ago,1083,254,2081
CarMax,CarMax,11 years ago,34057,6355,37120
AEPnews,AEP,9 years ago,7668,2435,14746
Univar,Univar,9 years ago,2147,118,4811
DXCTechnology,DXC Technology,6 years ago,12181,11877,26164
rrdonnelley,RRD,9 years ago,313,91,647
usbank,U.S. Bank,10 years ago,21658,1311,35945
FluorCorp,Fluor Corporation,8 years ago,3439,624,12560
Albertsons,Albertsons,8 years ago,10177,1299,28725
tenethealth,Tenet Healthcare,8 years ago,1979,178,5212
SouthernCompany,Southern Company,10 years ago,4892,973,62358
Textron,Textron Inc.,5 years ago,4546,101,7237
erie_insurance,Erie Insurance,7 years ago,4538,983,8749
Kinder_Morgan,Kinder Morgan,8 years ago,1586,243,9618
OshKoshBgosh,OshKosh B'gosh,6 years ago,12394,5991,16548
CDWCorp,CDW Corporation,6 years ago,14645,2776,45909
PulteHomes,Pulte Homes,9 years ago,4894,2723,29423
Quanta_Services,Quanta Services,4 years ago,216,127,841
Jabil,Jabil,6 years ago,9254,2315,7404
LABCORP,LabCorp,9 years ago,0,0,2234
molinahealth,Molina Healthcare,9 years ago,4190,435,4476
InsidePMI,Philip Morris Intl,5 years ago,1490,81,20849
Voya,Voya,7 years ago,4484,2010,57549
ManpowerGroup,ManpowerGroup,7 years ago,5830,731,7190
airproducts,Air Products,8 years ago,3145,560,9171
TheAESCorp,The AES Corporation,4 years ago,240,375,1798
NextEraEnergyR,NextEra Energy Res,8 years ago,1171,731,5681
SempraEnergy,Sempra Energy,9 years ago,344,282,5987
Entergy,Entergy,9 years ago,5697,296,14200
MicronTech,MicronTech,9 years ago,2441,1333,14063
AECOM,AECOM,9 years ago,10647,632,67281
Delta,Delta,11 years ago,801120,39587,1455029
Macys,Macy's,9 years ago,92822,1188,940513
Nationwide,Nationwide,10 years ago,14674,1863,61246
Weyerhaeuser,Weyerhaeuser,6 years ago,1759,844,4203
JNJNews,Johnson & Johnson,9 years ago,12158,2538,169633
EsteeLauder,Estée Lauder,7 years ago,13001,473,413650
deanfoods,Dean Foods Company,7 years ago,334,48,2229
Publix,Publix,10 years ago,98331,171,250395
StateFarm,State Farm,10 years ago,43533,9238,97598
CoreMarkHQ,Core Mark HQ,3 years ago,669,792,1620
Genworth,Genworth,10 years ago,3008,132,4377
Citi,Citi,8 years ago,15916,314,910988
LockheedMartin,Lockheed Martin,9 years ago,12520,253,359588
NM_News,Northwestern Mutual News,9 years ago,8150,660,14100
Veritiv,Veritiv,4 years ago,1162,503,1778
GeneralMills,General Mills,7 years ago,16667,3482,91591
BookingHoldings,Booking Holdings,2 years ago,1532,88,9670
united,United Airlines,7 years ago,980191,45239,989497
AAG_CU,Alaska Air Group CU,about a year ago,96,569,111
CBRE,CBRE,9 years ago,6248,732,126081
Huntsman_Corp,Huntsman,5 years ago,1988,2062,3649
GM,General Motors,10 years ago,14771,6316,658124
Centene,Centene,9 years ago,406,64,3321
Allstate,Allstate,10 years ago,24031,4996,83169
NewYorkLife,New York Life,9 years ago,9312,2438,224920
PraxairInc,"Praxair, Inc.",6 years ago,593,26,4625
EnvisionLeads,Envision Healthcare,4 months ago,61,84,152
Costco,Costco,5 years ago,1326,1,39646
generalelectric,General Electric,7 years ago,83532,14139,449696
RepublicService,Republic Services,7 years ago,5364,2750,10773
biogen,Biogen,8 years ago,3635,250,21659
Cigna,Cigna,9 years ago,22318,2349,44069
askBBT,BB&T,6 years ago,8535,704,4037
XPOLogistics,"XPO Logistics, Inc.",6 years ago,5086,212,10905
Gap,Gap,9 years ago,33292,1563,663874
Aetna,Aetna,10 years ago,7777,248,48396
WellCare_Health,WellCare Health Plan,7 years ago,801,1151,1785
kindredhealth,Kindred Healthcare,9 years ago,4888,2152,5462
PopeyesChicken,Popeyes Chicken,10 years ago,36208,5682,97161
kroger,Kroger,9 years ago,52489,258,140169
Celgene,Celgene Corporation,7 years ago,5509,1209,21111
SearsHoldings,Sears Holdings Corp.,9 years ago,1282,51,5891
HRBlock,H&R Block,10 years ago,24731,7134,30783
Danaher_U,Danaher U,9 years ago,59,27,306
Hertz,Hertz,9 years ago,197706,36700,61173
Boeing,The Boeing Company,9 years ago,4888,243,478182
HenrySchein,Henry Schein,9 years ago,5394,9734,23560
Samsung,Samsung Electronics,4 years ago,3212,1537,386449
EProd_Careers,Enterprise Products,4 years ago,403,53,601
cvspharmacy,CVS Pharmacy,8 years ago,67516,20089,318118
MarathonPetroCo,Marathon Petroleum,7 years ago,1080,325,5282
MetLife,MetLife,8 years ago,27740,259,51485
DaVita,DaVita Kidney Care,9 years ago,12925,7836,13435
TennecoAM_EMEA,TENNECO AM EMEA,2 years ago,100,46,169
DevonEnergy,Devon Energy,9 years ago,675,100,13011
TysonFoods,Tyson Foods,10 years ago,10499,17713,54483
OXY_Petroleum,Occidental Petroleum,9 years ago,200,33,7094
CalpineCareers,Calpine Careers,6 years ago,4824,219,390
Target,Target,8 years ago,60489,2619,1908121
PVHCorp,PVHCorp,3 months ago,51,5,160
AutoOwnersIns,Auto-Owners,9 years ago,4695,193,6202
lithiamotors,Lithia Motors,9 years ago,1540,200,910
NOVGlobal,NOV,4 years ago,1123,322,4397
massmutual,MassMutual,9 years ago,14175,4336,36739
intel,Intel,11 years ago,13530,1271,4755517
Lowes,Lowe's,9 years ago,98846,12717,261035
ProcterGamble,P&G,9 years ago,7925,876,189781
VFCorp,VF Corporation,3 years ago,430,214,1356
KelloggsUS,Kellogg's,6 years ago,9271,274,87864
PayPal,PayPal,9 years ago,10266,936,568095
ameriprise,Ameriprise Financial,8 years ago,845,529,5628
Humana,Humana,9 years ago,13720,146,40465
WholeFoods,Whole Foods Market,10 years ago,240662,522111,4503254
jpmorgan,J.P. Morgan,5 years ago,5977,50,426573
GenDyn_IT,General Dynamics IT,4 years ago,2629,1829,17763
Apple,Apple,6 years ago,0,0,1993252
AmericanExpress,American Express,9 years ago,59413,19354,876900
synchrony,Synchrony,9 years ago,3639,440,9570
baxter_intl,Baxter International,9 years ago,1436,0,12830
AmericanAir,American Airlines,9 years ago,1958191,105321,1511883
IBM,IBM,9 years ago,11230,6309,468979
PSEGNews,PSEG,7 years ago,5400,333,18889
GoldmanSachs,Goldman Sachs,7 years ago,9835,103,694720
exxonmobil,ExxonMobil,9 years ago,6729,272,281125
Phillips66Co,Phillips 66,6 years ago,860,97,8269
honeywell,Honeywell,9 years ago,2244,311,42152
Tech_Data,Tech Data,9 years ago,7917,2598,15312
amazon,Amazon.com,9 years ago,28775,35,2840371
supervaluPR,SUPERVALU PR,7 years ago,903,512,3663
SunTrust,SunTrust,9 years ago,2873,156,20685
Sysco,Sysco Corporation,5 years ago,2561,451,12414
U_S_Steel,U. S. Steel,4 years ago,720,527,4248
FannieMae,Fannie Mae,8 years ago,5658,216,46948
dish,DISH,9 years ago,57825,818,112397
ATT,AT&T,10 years ago,109197,8935,850157
MurphyUSA,Murphy USA,8 years ago,6259,988,5988
WestRock,WestRock,7 years ago,3309,1018,5345
FifthThird,Fifth Third Bank,7 years ago,19475,154,35654
Aramark,Aramark Corporation,9 years ago,8368,448,16694
BedBathBeyond,Bed Bath & Beyond,6 years ago,66416,4551,179214
CampbellSoupCo,Campbell Soup Co,9 years ago,6101,23,88471
DTE_Energy,DTE Energy,9 years ago,23292,1669,23131
Cisco,Cisco,10 years ago,15204,3211,643354
nscorp,Norfolk Southern,9 years ago,9799,2312,39279
UnitedHealthGrp,UnitedHealth Group,5 years ago,1584,388,14834
CaterpillarInc,Caterpillar Inc.,10 years ago,8991,233,120651
TXInstruments,Texas Instruments,10 years ago,22705,1558,77055
GameStop,GameStop,9 years ago,35190,448,1153883
bostonsci,Boston Scientific,7 years ago,1612,174,21469
AnthemInc,"Anthem, Inc.",6 years ago,7059,1885,32680
Merck,Merck,9 years ago,6890,1010,158245
WRBerkleyCorp,W. R. Berkley Corp.,7 years ago,501,121,1609
McDonalds,McDonald's,9 years ago,457569,14291,3493628
BallCorpHQ,Ball Corporation,9 years ago,2139,1997,4388
WESTLAKECHEM,Westlake Chemical,7 years ago,256,53,509
AutolivInc,Autoliv Inc,9 years ago,202,46,1314
InterpublicIPG,Interpublic Group,6 years ago,4770,544,11246
FirstData,First Data,9 years ago,24593,2268,28156
UHS_Inc,"UHS, Inc.",7 years ago,975,361,864
Kohls,Kohl's,9 years ago,87431,3414,808558
ATVI_AB,Activision Blizzard,2 years ago,330,150,31754
HP,HP,9 years ago,38217,2610,1065329
CBS,CBS,8 years ago,16869,645,1000711
UNFI,United Natural Foods,9 years ago,4014,593,8017
HomeDepot,The Home Depot,10 years ago,21062,32316,372810
Thrivent,Thrivent,10 years ago,7727,1449,14513
officedepot,Office Depot,9 years ago,31273,20988,96654
DukeEnergy,Duke Energy,8 years ago,30935,2882,104474
ADMupdates,ADM,7 years ago,409,135,3776
DowChemical,Dow,10 years ago,14121,1895,60221
GileadSciences,Gilead Sciences,7 years ago,2559,197,29086
cardinalhealth,Cardinal Health,7 years ago,3795,1303,13777
CenturyLink,CenturyLink,9 years ago,6718,301,28169
Newmont,Newmont Mining,6 years ago,4713,720,16946
Aflac,Aflac,7 years ago,2694,473,25703
FreddieMac,Freddie Mac,9 years ago,7383,1443,64839
principal,Principal®,8 years ago,9474,879,14905
MMC_Global,Marsh & McLennan,3 years ago,10796,1907,4567
JBHuntDrivers,J.B. Hunt Drivers,9 years ago,8286,2119,12153
Walmart,Walmart,9 years ago,507335,4124,926239
Ford,Ford Motor Company,10 years ago,40170,31434,1115908
EastmanChemCo,Eastman Chemical Co.,8 years ago,1245,488,7443
HarrisCorp,Harris Corporation,8 years ago,6294,829,11796
CapitalOne,Capital One,7 years ago,22280,790,167309
bmsnews,Bristol-Myers Squibb,9 years ago,6081,1090,124179
Stryker_Jobs,Stryker Careers,6 years ago,1956,263,3522
kiewit,Kiewit,6 years ago,2320,103,10814
AltriaNews,Altria,7 years ago,1880,172,6749
thermofisher,Thermo Fisher,9 years ago,9446,738,41052
amfam,American Family Insurance,10 years ago,23596,9067,41997
riteaid,Rite Aid,8 years ago,16584,2678,74151
verizon,Verizon,9 years ago,121663,340,1661426
FortiveCorp,Fortive Corporation,2 years ago,139,34,427
pepsi,Pepsi™,9 years ago,35013,40813,3014630
GoAvisBudget,Avis Budget Group,6 years ago,8023,314,3968
Discover,Discover,10 years ago,97138,19,95442
tjmaxx,T.J.Maxx,10 years ago,22994,10954,377713
DollarTree,Dollar Tree,8 years ago,3934,70921,186730
LearCorporation,Lear Corporation,4 years ago,1718,593,2818
Raytheon,Raytheon,10 years ago,18504,491,154125
Anixter,Anixter,9 years ago,6596,1645,14940
UPS,UPS,8 years ago,34028,12069,199870
darden,Darden Restaurants,6 years ago,3205,309,12574
pfizer,Pfizer Inc.,9 years ago,7850,2445,229186
RalphLauren,Ralph Lauren,9 years ago,4207,354,2302015
INTLFCStone,INTL FCStone,9 years ago,13681,104,11873
LibertyMutual,Liberty Mutual,5 years ago,14467,2591,97840
newscorp,News Corp,5 years ago,181,16,23727
energyinsights,CenterPoint Energy,8 years ago,10610,1395,8185
AveryDennison,Avery Dennison,8 years ago,4652,6309,159438
crowncork_jobs,Crown Cork & Seal,7 years ago,339,1,277
comcast,Comcast,8 years ago,48775,2577,170591
SanminaCorp,Sanmina Corp,6 years ago,3969,67,3300
LamResearch,Lam Research,9 years ago,4396,176,12368
Cognizant,Cognizant,9 years ago,37805,2230,442014
Alcoa,Alcoa,10 years ago,6483,5288,25993
LeidosInc,Leidos,7 years ago,4733,1522,12868
DRHorton,D.R. Horton,8 years ago,8631,5702,14110
autozone,AutoZone,7 years ago,12616,3503,37532
Microsoft,Microsoft,8 years ago,14450,2547,8378083
Cummins,Cummins Inc.,8 years ago,3162,388,124460
QurateRetailGrp,Qurate Retail Group,6 months ago,34,40,127
BankofAmerica,Bank of America,7 years ago,8510,645,504266
Nike,Nike,6 years ago,35035,151,7553659
MorganStanley,Morgan Stanley,6 years ago,6870,217,492838
TIAA,TIAA,9 years ago,11576,3147,30694
forrester,Forrester,11 years ago,16434,15106,379759
BDandCo,BD,8 years ago,1439,357,6258
MDLZ,Mondelēz Intl,4 years ago,7477,2757,20531
MolsonCoors,Molson Coors,8 years ago,7273,2296,16753
WilliamsUpdates,Williams,9 years ago,1889,1744,6504
Halliburton,Halliburton,7 years ago,1990,112,47868
facebook,Facebook,11 years ago,10726,698,13466225
Adobe,Adobe,9 years ago,36661,1804,609005
nrgenergy,"NRG Energy, Inc.",9 years ago,3991,816,25080
HPE_ES,HPE España,7 years ago,8214,1175,10724
StateStreet,State Street,7 years ago,7330,1443,48608
CocaCola,Coca-Cola,9 years ago,253267,63277,3332580
IQVIA_global,IQVIA,2 years ago,3829,355,6574
mhkgreenworks,Mohawk Industries,9 years ago,36,23,483
oreillyauto,O'Reilly Auto Parts,9 years ago,5171,1363,40225
KeycorpGroup,Keycorp Group,4 years ago,414,241,188
smuckers,Smucker's,7 years ago,4660,398,22401
Healthcare_ABC,AmerisourceBergen,7 years ago,2571,371,3669
PGE4Me,PG&E,9 years ago,13731,1579,79893
Chesapeake,Chesapeake Energy,9 years ago,8363,843,60868
NFL,NFL,9 years ago,172909,2553,24080733
LKQCorp,LKQ Corporation,8 years ago,64,961,3389
grainger,Grainger,8 years ago,9053,1240,25932
Oracle,Oracle,11 years ago,18103,922,734436
Disney,Disney,9 years ago,14094,47,5841655
cbrands,Constellation Brands,about a year ago,350,307,13139
CharlesSchwab,Charles Schwab Corp,8 years ago,17456,750,84774
blackrock,BlackRock,9 years ago,13343,867,360212
PNCBank,PNC Bank,9 years ago,8130,4795,24800
NAPAKnowHow,NAPA AUTO PARTS,8 years ago,7841,1354,63766
CharterTMs,Charter Communications Intellectual Property,8 years ago,9,28,75
WeAreFarmers,Farmers Insurance,9 years ago,14525,4482,43991
nvidia,NVIDIA,9 years ago,10606,1676,1376512
GAIGroup,Great American Insurance Group,9 years ago,601,224,899
Graybar,Graybar,9 years ago,9072,716,9732
eBay,eBay,9 years ago,30197,1269,685339
WECEnergyGroup,WEC Energy Group,4 years ago,115,1,324
Nordstrom,Nordstrom,10 years ago,263143,55761,750188
SYNNEX,SYNNEX Corporation,10 years ago,8366,8482,11570
DoveMenCare,Dove Men+Care,7 years ago,21098,2676,38360
ConagraBrands,Conagra Brands,8 years ago,7831,869,22038
SonicAutomotive,Sonic Automotive,5 years ago,4353,484,6213
XcelEnergyMN,Xcel Energy MN,9 years ago,10614,2477,14534
Emerson_News,Emerson,9 years ago,2288,758,14556
WESCOcorp,WESCO Distribution,9 years ago,2093,190,5638
EversourceCorp,Eversource Energy,9 years ago,1122,193,8449
Omnicom,Omnicom Group,5 years ago,5885,2256,17099
Carl_C_Icahn,Carl Icahn,5 years ago,374,109,356243
pacificlife,Pacific Life,9 years ago,1259,96,2851
JohnDeere,John Deere,9 years ago,8078,133,160295
PenskeSocial,Penske Social,11 months ago,1,0,10
SouthwestAir,Southwest Airlines,11 years ago,697329,37099,2099000
GolfChannel,Golf Channel,9 years ago,93891,1047,794374
FedEx,FedEx,8 years ago,17552,18876,269657
ExpressScripts,Express Scripts,9 years ago,4579,994,21815
McKesson,McKesson Corporation,8 years ago,5020,920,18925
PGA,PGA of America,9 years ago,12612,2266,338358
ChesterCheetah,Chester Cheetah,6 years ago,7783,828,86547
AIGinsurance,AIG,8 years ago,4587,263,37557
Unilever,Unilever,8 years ago,9413,3290,189070
Dove,Dove,8 years ago,156082,8599,191938
UnileverWorld,Unilever World,3 years ago,941,318,98762
cheezit,CHEEZ-IT,5 years ago,9281,474,49940
Hellmanns,Hellmann's,8 years ago,88223,6413,34496
Doritos,Doritos,9 years ago,8738,200,620817
MassageEnvy,Massage Envy,7 years ago,7508,2143,17477
PGATOUR,PGA TOUR,10 years ago,119958,911,2124293
nsiabo,NELLY SIABO,5 years ago,243,235,125
markbidwellyxe,Mark Bidwell,about a year ago,0,104,5
ManLiz4,Man Liz,6 months ago,0,371,4
RuthSStone,Ruth Stone,6 years ago,126,75,14
Jason92293766,Jason,3 months ago,0,42,1
ricardoarias24,Ricardo Arias,5 years ago,211,177,39
julie19950905,Ben Wo,5 years ago,18,329,16
SweedishLove,SWEEDiSH❤️,9 years ago,20054,42187,40729
SeungHyuck1989,SeungHyuck Kim,7 years ago,235,1094,223
noticiashbcdmx,noticias.cdmx.🇲🇽 y algo mas 💯%🐺🔥🔥🔥 men hot,10 months ago,2094,1725,132
dennysdc,Dennys,8 years ago,52,538,12
sanchisag,Ana G. Sanchis,5 years ago,923,427,84
SOhEidhin,J Hynes,6 years ago,0,331,0
MYskysite,MY,2 years ago,42,221,1
justin_time2,justin,5 years ago,3591,410,144
fff_fran,fran,8 years ago,18,431,16
pellempropelle,pellem pro pelle,2 years ago,0,0,5
EXPERIALL,Fire Emoji,2 years ago,43,90,16
vdealbuquerque,Vitória Albuquerque,4 years ago,44,940,27
MHoohlo,Mbele HOOHLO,4 years ago,16,179,21
InViTool,InViTo,about a year ago,78,380,56
mhk1988gmailco1,mhk1988@gmail.com,about a year ago,0,66,6
vikingqueen81,🌺Sian Day🌺,3 years ago,3618,4544,10364
wellbelove,Wellbelove,10 years ago,46128,404371,496666
amelialiu1024,Amelia Liu,3 years ago,1512,6227,6521
todojajuan920,jajuan,3 years ago,3893,734,292
seanpeterson44,Sean Peterson,4 years ago,8,2202,1198
VinnieSchnare,Vinnie Schnare,6 years ago,1313,2222,1885
MarketPorterUK,Market Porter,4 years ago,2286,14614,17506
allshookupclub,All Shook Up!,3 years ago,533,9700,9031
bruttiandboni,brutti&boni,4 years ago,606,17975,20638
revolutioneryqt,Revolution,7 years ago,14496,0,3690
BalaBalacnr,Bala Boopathy,3 years ago,5,944,45
zutykiradicyna,Bonito Dignon,5 years ago,2535,841,512
LindbladJohan,Johan Lindblad,6 years ago,0,1599,71
Luka33966226,Luka,4 years ago,7,18,1
Elizabeth_Ga_55,Kari Cook,5 years ago,278,1346,938
StickyFingersUK,Sticky Fingers,5 years ago,2088,1182,2382
JuJuKingsRoad,JuJu,9 years ago,5853,16287,18599
ukbumpkeys,UKBumpKeys,7 years ago,53939,9429,28053
sallyredbourn,S-A Goold,7 years ago,96,66,22
manaplessnermic,mana plessner,5 years ago,22,5,17
haworth_greg,greg haworth,6 years ago,1036,145,53
urbsarch,lucas,6 years ago,178,2000,302
crowdsim,Ateen Patel,9 years ago,25,97,32
sstylianidis,Stratos Stylianidis,7 years ago,307,871,355
jbldsf,J Bld,7 years ago,62,38,7
jslevchik,John Levchik,9 years ago,800,247,1
TheFuturePurple,Juswant,8 years ago,1705,11065,10027
segalavyha3,Segala Blackwood,6 years ago,37,194,28
HowardRoarkjr,Howard Roark jr,6 years ago,25,29,3
mwConference,MapWindow Conference,6 years ago,510,906,190
NYCBlueDiscount,NYC Blue Discounts,6 years ago,6814,725,1144
GeneviveLTonti,Genevive Tonti,6 years ago,120,489,134
MAPCITE,MAPCITE,7 years ago,6004,6130,6170
Schoolit,Schoolit,7 years ago,899,2184,1698
EarthSciConf,Earth Science,6 years ago,141,1034,209
GetDailyVoucher,Get Daily Vouchers,6 years ago,5672,626,1487
LaughOutLouDeal,Laugh Out Loud Deals,6 years ago,5339,764,1109
